quantity,company,barcode,size,expiry_date,product,ref_id_expiry_date,reference_id
1,Boston Scientific,90249401-01,6-40-130,10-09-2023,ELUVIA Drug-Eluting Vascular Stent System OTW (035),H74939294600410***10-09-2023,H74939294600410
1,Boston Scientific,90249401-01,6-60-130,11-05-2023,ELUVIA Drug-Eluting Vascular Stent System OTW (035),H74939294600610***11-05-2023,H74939294600610
1,Boston Scientific,90249401-01,6-80-130,11-05-2023,ELUVIA Drug-Eluting Vascular Stent System OTW (035),H74939294600810***11-05-2023,H74939294600810
1,Boston Scientific,90249401-01,6-100-130,08-19-2023,ELUVIA Drug-Eluting Vascular Stent System OTW (035),H74939294601010***08-19-2023,H74939294601010
1,Boston Scientific,90249401-01,6-120-130,09-21-2023,ELUVIA Drug-Eluting Vascular Stent System OTW (035),H74939294601210***09-21-2023,H74939294601210
1,Boston Scientific,90249401-01,7-40-130,09-21-2023,ELUVIA Drug-Eluting Vascular Stent System OTW (035),H74939294700410***09-21-2023,H74939294700410
1,Boston Scientific,90249401-01,7-60-130,11-05-2023,ELUVIA Drug-Eluting Vascular Stent System OTW (035),H74939294700610***11-05-2023,H74939294700610
1,Boston Scientific,90249401-01,7-80-130,08-06-2023,ELUVIA Drug-Eluting Vascular Stent System OTW (035),H74939294700810***08-06-2023,H74939294700810
1,Boston Scientific,90249401-01,7-100-130,11-12-2023,ELUVIA Drug-Eluting Vascular Stent System OTW (035),H74939294701010***11-12-2023,H74939294701010
1,Boston Scientific,90249401-01,7-120-130,09-21-2023,ELUVIA Drug-Eluting Vascular Stent System OTW (035),H74939294701210***09-21-2023,H74939294701210
1,Boston Scientific,0108714729975809172403071002090H22,4-80-135,03-07-2024,Ranger Paclitaxel-Coated PTA Balloon Catheter OTW 5F (018),H74939419400810***03-07-2024,H74939419400810
2,Boston Scientific,0108714729975847172408091006342H22,4-120-150,08-09-2024,Ranger Paclitaxel-Coated PTA Balloon Catheter OTW 5F (018),H74939419401210***08-09-2024,H74939419401210
1,Boston Scientific,0108714729975861172401271000834H22,4-150-150,01-27-2024,Ranger Paclitaxel-Coated PTA Balloon Catheter OTW 5F (018),H74939419401510***01-27-2024,H74939419401510
1,Boston Scientific,0108714729975885172401101000407H22,4-200-150,01-10-2024,Ranger Paclitaxel-Coated PTA Balloon Catheter OTW 5F (018),H74939419402010***01-10-2024,H74939419402010
1,Boston Scientific,0108714729975922172402161001519H22,5-40-135,02-16-2024,Ranger Paclitaxel-Coated PTA Balloon Catheter OTW 5F (018),H74939419500410***02-16-2024,H74939419500410
1,Boston Scientific,0108714729975946172401041000046H22,5-60-135,01-04-2024,Ranger Paclitaxel-Coated PTA Balloon Catheter OTW 5F (018),H74939419500610***01-04-2024,H74939419500610
1,Boston Scientific,0108714729975977172307271004678H21,5-80-80,07-27-2023,Ranger Paclitaxel-Coated PTA Balloon Catheter OTW 5F (018),H74939419500880***07-27-2023,H74939419500880
1,Boston Scientific,0108714729975991172401271000854H22,5-100-80,01-27-2024,Ranger Paclitaxel-Coated PTA Balloon Catheter OTW 5F (018),H74939419501080***01-27-2024,H74939419501080
1,Boston Scientific,0108714729976004172401101000408H22,5-120-150,01-10-2024,Ranger Paclitaxel-Coated PTA Balloon Catheter OTW 5F (018),H74939419501210***01-10-2024,H74939419501210
2,Boston Scientific,0108714729976028172401101000411H22,5-150-150,01-10-2024,Ranger Paclitaxel-Coated PTA Balloon Catheter OTW 5F (018),H74939419501510***01-10-2024,H74939419501510
1,Boston Scientific,0108714729976080172401041000048H22,6-40-135,01-04-2024,Ranger Paclitaxel-Coated PTA Balloon Catheter OTW 5F (018),H74939419600410***01-04-2024,H74939419600410
1,Boston Scientific,0108714729976127172402251001810H22,6-80-135,02-25-2024,Ranger Paclitaxel-Coated PTA Balloon Catheter OTW 5F (018),H74939419600810***02-25-2024,H74939419600810
1,Boston Scientific,0108714729976141172401271000857H22,6-100-135,01-27-2024,Ranger Paclitaxel-Coated PTA Balloon Catheter OTW 5F (018),H74939419601010***01-27-2024,H74939419601010
1,Boston Scientific,0108714729976165172402101001252H22,6-120-150,02-10-2024,Ranger Paclitaxel-Coated PTA Balloon Catheter OTW 5F (018),H74939419601210***02-10-2024,H74939419601210
1,Boston Scientific,0108714729976189172401251000774H22,6-150-150,01-25-2024,Ranger Paclitaxel-Coated PTA Balloon Catheter OTW 5F (018),H74939419601510***01-25-2024,H74939419601510
2,Boston Scientific,0108714729976301172401101000985H22,7-100-135,01-10-2024,Ranger Paclitaxel-Coated PTA Balloon Catheter OTW 5F (018),H74939419701010***01-10-2024,H74939419701010
1,Boston Scientific,0108714729976349172306241003960H21,7-150-150,06-24-2023,Ranger Paclitaxel-Coated PTA Balloon Catheter OTW 5F (018),H74939419701510***06-24-2023,H74939419701510
1,Boston Scientific,0108714729976363172308101004969H21,7-200-150,08-10-2023,Ranger Paclitaxel-Coated PTA Balloon Catheter OTW 5F (018),H74939419702010***08-10-2023,H74939419702010
1,Boston Scientific,0108714729796787172411141028384624,2-100-150,11-14-2024,Coyote Monorail PTA Balloon Dilatation Catheter 4F (014),H74939185201010***11-14-2024,H74939185201010
1,Boston Scientific,0108714729796800172501181028704841,2-150-150,01-18-2025,Coyote Monorail PTA Balloon Dilatation Catheter 4F (014),H74939185201510***01-18-2025,H74939185201510
1,Boston Scientific,0108714729796817172501191028712939,2-220-150,01-19-2025,Coyote Monorail PTA Balloon Dilatation Catheter 4F (014),H74939185202210***01-19-2025,H74939185202210
1,Boston Scientific,0108714729796862172502101028851143,2.5-100-150,02-10-2025,Coyote Monorail PTA Balloon Dilatation Catheter 4F (014),H74939185251010***02-10-2025,H74939185251010
1,Boston Scientific,0108714729796886172409261028095316,2.5-150-150,09-26-2024,Coyote Monorail PTA Balloon Dilatation Catheter 4F (014),H74939185251510***09-26-2024,H74939185251510
1,Boston Scientific,0108714729796893172503131029036553,2.5-220-150,03-13-2025,Coyote Monorail PTA Balloon Dilatation Catheter 4F (014),H74939185252210***03-13-2025,H74939185252210
1,Boston Scientific,0108714729796282172410051028152872,3-100-150,10-05-2024,Coyote Monorail PTA Balloon Dilatation Catheter 4F (014),H74939185301010***10-05-2024,H74939185301010
1,Boston Scientific,0108714729796947172501301028775791,3-150-150,01-30-2025,Coyote Monorail PTA Balloon Dilatation Catheter 4F (014),H74939185301510***01-30-2025,H74939185301510
1,Boston Scientific,0108714729796961172412211028603104,3-220-150,12-21-2024,Coyote Monorail PTA Balloon Dilatation Catheter 4F (014),H74939185302210***12-21-2024,H74939185302210
1,Boston Scientific,0108714729796992172408051027790563,3.5-100-150,08-05-2024,Coyote Monorail PTA Balloon Dilatation Catheter 4F (014),H74939185351010***08-05-2024,H74939185351010
1,Boston Scientific,0108714729797029172408261027902139,3.5-150-150,08-26-2024,Coyote Monorail PTA Balloon Dilatation Catheter 4F (014),H74939185351510***08-26-2024,H74939185351510
1,Boston Scientific,0108714729797036172501051028634180,3.5-220-150,01-05-2025,Coyote Monorail PTA Balloon Dilatation Catheter 4F (014),H74939185352210***01-05-2025,H74939185352210
1,Boston Scientific,0108714729797067172410111028184525,4-100-150,10-11-2024,Coyote Monorail PTA Balloon Dilatation Catheter 4F (014),H74939185401010***10-11-2024,H74939185401010
1,Boston Scientific,0108714729797098172501191028715510,4-150-150,01-19-2025,Coyote Monorail PTA Balloon Dilatation Catheter 4F (014),H74939185401510***01-19-2025,H74939185401510
1,Boston Scientific,(not present),4-220-150,01-19-2025,Coyote Monorail PTA Balloon Dilatation Catheter 4F (014),H74939185402210***01-19-2025,H74939185402210
1,Boston Scientific,0108714729804130172406281027580471,4-40-135,08-10-2024,Charger PTA Balloon Dilatation Catheter (035),H74939206040410***08-10-2024,H74939206040410
1,Boston Scientific,0108714729825128172407011027599651,4-60-135,07-01-2024,Charger PTA Balloon Dilatation Catheter (035),H74939206040610***07-01-2024,H74939206040610
1,Boston Scientific,0108714729804130172406281027580471,4-80-135,06-28-2024,Charger PTA Balloon Dilatation Catheter (035),H74939206040810***06-28-2024,H74939206040810
1,Boston Scientific,0108714729804017172406211027538125,4-100-135,06-21-2024,Charger PTA Balloon Dilatation Catheter (035),H74939206041010***06-21-2024,H74939206041010
1,Boston Scientific,0108714729804048172408111027823352,4-150-135,08-11-2024,Charger PTA Balloon Dilatation Catheter (035),H74939206041510***08-11-2024,H74939206041510
1,Boston Scientific,0108714729804086172407011027599666,4-200-135,07-01-2024,Charger PTA Balloon Dilatation Catheter (035),H74939206042010***07-01-2024,H74939206042010
1,Boston Scientific,0108714729804246172408041027786119,5-40-135,08-04-2024,Charger PTA Balloon Dilatation Catheter (035),H74939206050410***08-04-2024,H74939206050410
1,Boston Scientific,0108714729825241172408161027849698,5-60-135,08-16-2024,Charger PTA Balloon Dilatation Catheter (035),H74939206050610***08-16-2024,H74939206050610
1,Boston Scientific,0108714729804277172411281028460417,5-80-135,11-28-2024,Charger PTA Balloon Dilatation Catheter (035),H74939206050810***11-28-2024,H74939206050810
1,Boston Scientific,0108714729804154172406081027458840,5-100-135,06-08-2024,Charger PTA Balloon Dilatation Catheter (035),H74939206051010***06-08-2024,H74939206051010
1,Boston Scientific,0108714729804185172406231027553867,5-150-135,06-23-2024,Charger PTA Balloon Dilatation Catheter (035),H74939206051510***06-23-2024,H74939206051510
1,Boston Scientific,0108714729804222172408111027823371,5-200-135,08-11-2024,Charger PTA Balloon Dilatation Catheter (035),H74939206052010***08-11-2024,H74939206052010
1,Boston Scientific,0108714729804383172408101027815540,6-40-135,08-10-2024,Charger PTA Balloon Dilatation Catheter (035),H74939206060410***08-10-2024,H74939206060410
1,Boston Scientific,0108714729825371172412151028559853,6-60-135,12-15-2024,Charger PTA Balloon Dilatation Catheter (035),H74939206060610***12-15-2024,H74939206060610
1,Boston Scientific,0108714729804413172408101027815554,6-80-135,08-10-2024,Charger PTA Balloon Dilatation Catheter (035),H74939206060810***08-10-2024,H74939206060810
1,Boston Scientific,0108714729804291172407051027615328,6-100-135,07-05-2024,Charger PTA Balloon Dilatation Catheter (035),H74939206061010***07-05-2024,H74939206061010
1,Boston Scientific,0108714729804321172408101027815567,6-150-135,08-10-2024,Charger PTA Balloon Dilatation Catheter (035),H74939206061510***08-10-2024,H74939206061510
1,Boston Scientific,0108714729804369172407201027706926,6-200-135,07-20-2024,Charger PTA Balloon Dilatation Catheter (035),H74939206062010***07-20-2024,H74939206062010
1,Boston Scientific,0108714729804529172406161027512395,7-40-135,06-16-2024,Charger PTA Balloon Dilatation Catheter (035),H74939206070410***06-16-2024,H74939206070410
1,Boston Scientific,0108714729825500172410311028300865,7-60-135,10-31-2024,Charger PTA Balloon Dilatation Catheter (035),H74939206070610***10-31-2024,H74939206070610
1,Boston Scientific,0108714729804550172408181027865379,7-80-135,08-18-2024,Charger PTA Balloon Dilatation Catheter (035),H74939206070810***08-18-2024,H74939206070810
1,Boston Scientific,0108714729804437172408241027900917,7-100-135,08-24-2024,Charger PTA Balloon Dilatation Catheter (035),H74939206071010***08-24-2024,H74939206071010
1,Boston Scientific,0108714729804468172409131028013604,7-150-135,09-13-2024,Charger PTA Balloon Dilatation Catheter (035),H74939206071510***09-13-2024,H74939206071510
1,Boston Scientific,0108714729804505172408241027900921,7-200-135,08-24-2024,Charger PTA Balloon Dilatation Catheter (035),H74939206072010***08-24-2024,H74939206072010
1,Boston Scientific,0108714729804253172408171027857705,5-40-75,08-17-2024,Charger PTA Balloon Dilatation Catheter (035),H74939206050470***08-17-2024,H74939206050470
1,Boston Scientific,0108714729804390172407071027630595,6-40-75,07-07-2024,Charger PTA Balloon Dilatation Catheter (035),H74939206060470***07-07-2024,H74939206060470
1,Boston Scientific,0108714729804536172407201027706956,7-40-75,07-20-2024,Charger PTA Balloon Dilatation Catheter (035),H74939206070470***07-20-2024,H74939206070470
1,Boston Scientific,0108714729804673172408221027885208,8-40-75,08-22-2024,Charger PTA Balloon Dilatation Catheter (035),H74939206080470***08-22-2024,H74939206080470
1,Boston Scientific,0108714729804758172408051027789820,9-40-75,08-05-2024,Charger PTA Balloon Dilatation Catheter (035),H74939206090470***08-05-2024,H74939206090470
1,Boston Scientific,0108714729803799172408121027830687,10-40-75,08-12-2024,Charger PTA Balloon Dilatation Catheter (035),H74939206100470***08-12-2024,H74939206100470
1,Boston Scientific,0108714729782629172401111028658665,2-80-150,01-11-2024,Sterling SL (Monorail) PTA Balloon Dilatation Catheter 4F (018),H74939147208010***01-11-2024,H74939147208010
1,Boston Scientific,0108714729782599172402031028803131,2-100-150,02-03-2024,Sterling SL (Monorail) PTA Balloon Dilatation Catheter 4F (018),H74939147201010***02-03-2024,H74939147201010
1,Boston Scientific,0108714729782612172402031028803132,2-150-150,02-03-2024,Sterling SL (Monorail) PTA Balloon Dilatation Catheter 4F (018),H74939147201510***02-03-2024,H74939147201510
1,Boston Scientific,0108714729782667172403301029142094,2.5-80-150,03-30-2024,Sterling SL (Monorail) PTA Balloon Dilatation Catheter 4F (018),H74939147258010***03-30-2024,H74939147258010
1,Boston Scientific,0108714729782636172404031029160650,2.5-100-150,04-03-2024,Sterling SL (Monorail) PTA Balloon Dilatation Catheter 4F (018),H74939147251010***04-03-2024,H74939147251010
1,Boston Scientific,0108714729782650172402031028803133,2.5-150-150,02-03-2024,Sterling SL (Monorail) PTA Balloon Dilatation Catheter 4F (018),H74939147251510***02-03-2024,H74939147251510
1,Boston Scientific,0108714729782704172403101029030239,3-80-150,03-10-2024,Sterling SL (Monorail) PTA Balloon Dilatation Catheter 4F (018),H74939147308010***03-10-2024,H74939147308010
1,Boston Scientific,0108714729782674172401141028681380,3-100-150,01-14-2024,Sterling SL (Monorail) PTA Balloon Dilatation Catheter 4F (018),H74939147301010***01-14-2024,H74939147301010
1,Boston Scientific,0108714729782698172404101029203918,3-150-150,04-10-2024,Sterling SL (Monorail) PTA Balloon Dilatation Catheter 4F (018),H74939147301510***04-10-2024,H74939147301510
1,Boston Scientific,0108714729782742172312201028590183,3.5-80-150,12-20-2023,Sterling SL (Monorail) PTA Balloon Dilatation Catheter 4F (018),H74939147358010***12-20-2023,H74939147358010
1,Boston Scientific,0108714729782711172402031028803134,3.5-100-150,02-03-2024,Sterling SL (Monorail) PTA Balloon Dilatation Catheter 4F (018),H74939147351010***02-03-2024,H74939147351010
1,Boston Scientific,0108714729782735172404101029203952,3.5-150-150,04-10-2024,Sterling SL (Monorail) PTA Balloon Dilatation Catheter 4F (018),H74939147351510***04-10-2024,H74939147351510
1,Boston Scientific,0108714729859086172502071028826054,2-40-150,02-07-2025,Sterling (Monorail) PTA Balloon Dilatation Catheter 4F (018),H74939031204010***02-07-2025,H74939031204010
1,Boston Scientific,0108714729859109172503311029153562,2-60-150,03-31-2025,Sterling (Monorail) PTA Balloon Dilatation Catheter 4F (018),H74939031206010***03-31-2025,H74939031206010
1,Boston Scientific,0108714729859161172501091028656228,2.5-40-150,01-09-2025,Sterling (Monorail) PTA Balloon Dilatation Catheter 4F (018),H74939031254010***01-09-2025,H74939031254010
1,Boston Scientific,0108714729859161172501091028656228,2.5-60-150,02-02-2025,Sterling (Monorail) PTA Balloon Dilatation Catheter 4F (018),H74939031256010***02-02-2025,H74939031256010
1,Boston Scientific,0108714729756996172504061029190329,4-40-135,04-06-2025,Sterling (Monorail) PTA Balloon Dilatation Catheter 4F (018),H74939031404010***04-06-2025,H74939031404010
1,Boston Scientific,0108714729757016172412191028590231,4-60-135,12-19-2024,Sterling (Monorail) PTA Balloon Dilatation Catheter 4F (018),H74939031406010***12-19-2024,H74939031406010
1,Boston Scientific,0108714729782384172402151028874723,4-150-150,02-15-2024,Sterling SL (OTW) PTA Balloon Dilatation Catheter 4F (018),H74939148401510***02-15-2024,H74939148401510
1,Boston Scientific,0108714729859970172503071029002468,2-220-150,03-07-2025,Sterling (OTW) PTA Balloon Dilatation Catheter 4F-5F-6F (018),H74939032202210***03-07-2025,H74939032202210
1,Boston Scientific,0108714729860075172503031028983042,2.5-220-150,03-03-2025,Sterling (OTW) PTA Balloon Dilatation Catheter 4F-5F-6F (018),H74939032252210***03-03-2025,H74939032252210
1,Boston Scientific,0108714729860075172503031028983042,3-40-150,03-01-2025,Sterling (OTW) PTA Balloon Dilatation Catheter 4F-5F-6F (018),H74939032300410***03-01-2025,H74939032300410
1,Boston Scientific,0108714729860150172502281028960951,3-60-150,02-28-2025,Sterling (OTW) PTA Balloon Dilatation Catheter 4F-5F-6F (018),H74939032300610***02-28-2025,H74939032300610
1,Boston Scientific,0108714729860174172503021028975108,3-220-150,03-02-2025,Sterling (OTW) PTA Balloon Dilatation Catheter 4F-5F-6F (018),H74939032302210***03-02-2025,H74939032302210
1,Boston Scientific,0108714729860174172503021028975108,3.5-40-150,03-01-2025,Sterling (OTW) PTA Balloon Dilatation Catheter 4F-5F-6F (018),H74939032350510***03-01-2025,H74939032350510
1,Boston Scientific,0108714729860259172502061028817212,3.5-60-150,02-06-2025,Sterling (OTW) PTA Balloon Dilatation Catheter 4F-5F-6F (018),H74939032350610***02-06-2025,H74939032350610
1,Boston Scientific,0108714729860273172502161028892581,3.5-220-150,02-16-2025,Sterling (OTW) PTA Balloon Dilatation Catheter 4F-5F-6F (018),H74939032352210***02-16-2025,H74939032352210
1,Boston Scientific,0108714729123668172502211028920177,4-80-135,02-21-2025,Sterling (OTW) PTA Balloon Dilatation Catheter 4F-5F-6F (018),H74939032408010***02-21-2025,H74939032408010
1,Boston Scientific,0108714729123507172509201030192244,4-100-135,09-20-2025,Sterling (OTW) PTA Balloon Dilatation Catheter 4F-5F-6F (018),H74939032401010***09-20-2025,H74939032401010
1,Boston Scientific,0108714729860310172503071029002474,4-220-150,03-07-2025,Sterling (OTW) PTA Balloon Dilatation Catheter 4F-5F-6F (018),H74939032402210***03-07-2025,H74939032402210
1,Boston Scientific,0108714729122906172503021028975102,5-40-135,03-02-2025,Sterling (OTW) PTA Balloon Dilatation Catheter 4F-5F-6F (018),H74939032504010***03-02-2025,H74939032504010
1,Boston Scientific,0108714729122937172502281028964462,5-60-135,02-28-2025,Sterling (OTW) PTA Balloon Dilatation Catheter 4F-5F-6F (018),H74939032506010***02-28-2025,H74939032506010
1,Boston Scientific,0108714729122951172503061028993821,5-80-135,03-06-2025,Sterling (OTW) PTA Balloon Dilatation Catheter 4F-5F-6F (018),H74939032508010***03-06-2025,H74939032508010
1,Boston Scientific,0108714729845362172503011028966537,5-150-150,03-01-2025,Sterling (OTW) PTA Balloon Dilatation Catheter 4F-5F-6F (018),H74939032501510***03-01-2025,H74939032501510
1,Boston Scientific,0108714729845393172503031028983058,5-200-150,03-03-2025,Sterling (OTW) PTA Balloon Dilatation Catheter 4F-5F-6F (018),H74939032502110***03-03-2025,H74939032502110
1,Boston Scientific,0108714729122784172503021028975104,6-40-135,03-02-2025,Sterling (OTW) PTA Balloon Dilatation Catheter 4F-5F-6F (018),H74939032604010***03-02-2025,H74939032604010
1,Boston Scientific,0108714729123804172503081029010312,6-60-135,03-08-2025,Sterling (OTW) PTA Balloon Dilatation Catheter 4F-5F-6F (018),H74939032606010***03-08-2025,H74939032606010
1,Boston Scientific,0108714729123828172503011028966551,6-80-135,03-01-2025,Sterling (OTW) PTA Balloon Dilatation Catheter 4F-5F-6F (018),H74939032608010***03-01-2025,H74939032608010
1,Boston Scientific,0108714729123682172503031028983063,6-100-135,03-03-2025,Sterling (OTW) PTA Balloon Dilatation Catheter 4F-5F-6F (018),H74939032601010***03-03-2025,H74939032601010
1,Boston Scientific,0108714729845447172503061028993823,6-150-150,03-06-2025,Sterling (OTW) PTA Balloon Dilatation Catheter 4F-5F-6F (018),H74939032601510***03-06-2025,H74939032601510
1,Boston Scientific,0108714729845478172503101029026340,6-200-150,03-10-2025,Sterling (OTW) PTA Balloon Dilatation Catheter 4F-5F-6F (018),H74939032602110***03-10-2025,H74939032602110
1,Boston Scientific,0108714729124078172503081029010299,7-40-135,03-08-2025,Sterling (OTW) PTA Balloon Dilatation Catheter 4F-5F-6F (018),H74939032704010***03-08-2025,H74939032704010
1,Boston Scientific,0108714729124115172503021028975135,7-60-135,03-02-2025,Sterling (OTW) PTA Balloon Dilatation Catheter 4F-5F-6F (018),H74939032706010***03-02-2025,H74939032706010
1,Boston Scientific,0108714729124139172503061028993828,7-80-135,03-06-2025,Sterling (OTW) PTA Balloon Dilatation Catheter 4F-5F-6F (018),H74939032708010***03-06-2025,H74939032708010
1,Boston Scientific,0108714729123972172503021028975134,7-100-135,03-02-2025,Sterling (OTW) PTA Balloon Dilatation Catheter 4F-5F-6F (018),H74939032701010***03-02-2025,H74939032701010
1,Boston Scientific,0108714729845522172503141029045495,7-150-150,03-14-2025,Sterling (OTW) PTA Balloon Dilatation Catheter 4F-5F-6F (018),H74939032701510***03-14-2025,H74939032701510
1,Boston Scientific,0108714729845553172503091029018770,7-200-150,03-09-2025,Sterling (OTW) PTA Balloon Dilatation Catheter 4F-5F-6F (018),H74939032702110***03-09-2025,H74939032702110
1,Boston Scientific,0108714729390374172501111028668772,4-15-0150,10-11-2025,Express SD Renal/Biliary (Monorail) Premounted Stent System 5F (018),H74937911415150***10-11-2025,H74937911415150
1,Boston Scientific,0108714729390398172501171028700483,5-15-0150,01-17-2025,Express SD Renal/Biliary (Monorail) Premounted Stent System 5F (018),H74937911515150***01-17-2025,H74937911515150
1,Boston Scientific,0108714729390473172501181028704854,5-19-0150,01-18-2025,Express SD Renal/Biliary (Monorail) Premounted Stent System 5F (018),H74937912519150***01-18-2025,H74937912519150
1,Boston Scientific,0108714729484820172412261028608735,6-14-0150,12-26-2024,Express SD Renal/Biliary (Monorail) Premounted Stent System 5F (018),H74937911614150***12-26-2024,H74937911614150
1,Boston Scientific,0108714729484844172412261028608732,6-18-0150,12-26-2024,Express SD Renal/Biliary (Monorail) Premounted Stent System 5F (018),H74937912618150***12-26-2024,H74937912618150
2,Boston Scientific,0108714729392217172410211028250864,7-37-75,10-21-2024,Express LD Iliac/Biliary (OTW) Premounted Stent System 6F-7F (035),H74938046740750***10-21-2024,H74938046740750
2,Boston Scientific,0108714729392231172410271028288306,7-57-75,10-27-2024,Express LD Iliac/Biliary (OTW) Premounted Stent System 6F-7F (035),H74938046760750***10-27-2024,H74938046760750
2,Boston Scientific,0108714729392279172410271028283756,8-37-75,10-27-2024,Express LD Iliac/Biliary (OTW) Premounted Stent System 6F-7F (035),H74938046840750***10-27-2024,H74938046840750
2,Boston Scientific,0108714729392293172410041028146914,8-57-75,10-04-2024,Express LD Iliac/Biliary (OTW) Premounted Stent System 6F-7F (035),H74938046860750***10-04-2024,H74938046860750
2,Boston Scientific,0108714729392330172411071028350923,9-37-75,11-07-2024,Express LD Iliac/Biliary (OTW) Premounted Stent System 6F-7F (035),H74938046940750***11-07-2024,H74938046940750
2,Boston Scientific,0108714729392354172411081028354933,9-57-75,11-08-2024,Express LD Iliac/Biliary (OTW) Premounted Stent System 6F-7F (035),H74938046960750***11-08-2024,H74938046960750
1,Boston Scientific,0108714729873921172611011028309663,5-80-130,11-01-2026,Innova Vascular (OTW) Self-Expanding Stent System (035),H74939293058030***11-01-2026,H74939293058030
1,Boston Scientific,0108714729873938172612191028585529,5-100-130,12-19-2026,Innova Vascular (OTW) Self-Expanding Stent System (035),H74939293051030***12-19-2026,H74939293051030
1,Boston Scientific,0108714729873945172612051028506001,5-120-130,12-05-2026,Innova Vascular (OTW) Self-Expanding Stent System (035),H74939293051230***12-05-2026,H74939293051230
1,Boston Scientific,0108714729873952172701231028731779,5-150-130,01-23-2027,Innova Vascular (OTW) Self-Expanding Stent System (035),H74939293051530***01-23-2027,H74939293051530
1,Boston Scientific,0108714729874010172706011029515777,6-80-130,06-01-2027,Innova Vascular (OTW) Self-Expanding Stent System (035),H74939293068030***06-01-2027,H74939293068030
1,Boston Scientific,0108714729874027172612201028592571,6-100-130,12-20-2026,Innova Vascular (OTW) Self-Expanding Stent System (035),H74939293061030***12-20-2026,H74939293061030
1,Boston Scientific,0108714729874027172705081029360003,6-100-130,05-08-2027,Innova Vascular (OTW) Self-Expanding Stent System (035),H74939293061030***05-08-2027,H74939293061030
2,Boston Scientific,0108714729874034172705021029294653,6-120-130,05-02-2027,Innova Vascular (OTW) Self-Expanding Stent System (035),H74939293061230***05-02-2027,H74939293061230
1,Boston Scientific,0108714729874034172612121028544849,6-120-130,12-12-2026,Innova Vascular (OTW) Self-Expanding Stent System (035),H74939293061230***12-12-2026,H74939293061230
1,Boston Scientific,0108714729874041172701271028770193,6-150-130,01-27-2027,Innova Vascular (OTW) Self-Expanding Stent System (035),H74939293061530***01-27-2027,H74939293061530
1,Boston Scientific,0108714729874119172410261029136587,7-100-130,10-26-2024,Innova Vascular (OTW) Self-Expanding Stent System (035),H74939293071030***10-26-2024,H74939293071030
1,Boston Scientific,0108714729874133172701171028696845,7-150-130,01-17-2027,Innova Vascular (OTW) Self-Expanding Stent System (035),H74939293071530***01-17-2027,H74939293071530
1,Boston Scientific,0108714729874164172610251028260619,8-20-0130,10-25-2026,Innova Vascular (OTW) Self-Expanding Stent System (035),H74939293080230***10-25-2026,H74939293080230
1,Boston Scientific,0108714729874171172612021028492476,8-40-130,12-02-2026,Innova Vascular (OTW) Self-Expanding Stent System (035),H74939293084030***12-02-2026,H74939293084030
1,Boston Scientific,0108714729874188172611011028309652,8-60-130,11-01-2026,Innova Vascular (OTW) Self-Expanding Stent System (035),H74939293086030***11-01-2026,H74939293086030
4,Boston Scientific,0108714729889892172406181029789192,2.1/3.0 - 7F - 135,06-18-2024,Jetstream XC (OTW) Atherectomy Catheter,PV31300***06-18-2024,PV31300
2,Boston Scientific,0108714729889892172402271029126883,2.1/3.0 - 7F - 135,02-27-2024,Jetstream XC (OTW) Atherectomy Catheter,PV31300***02-27-2024,PV31300
21,Boston Scientific,0108714729889892172501151031056237,2.1/3.0 - 7F - 135,01-15-2025,Jetstream XC (OTW) Atherectomy Catheter,PV31300***01-15-2025,PV31300
1,Boston Scientific,0108714729805786172611301028481473,9-40-120,11-30-2026,Epic Vascular (OTW) Self-Expanding Stent System (035),H74939200094020***11-30-2026,H74939200094020
1,Boston Scientific,0108714729805823172702031028808138,9-60-120,02-03-2027,Epic Vascular (OTW) Self-Expanding Stent System (035),H74939200096020***02-03-2027,H74939200096020
1,Boston Scientific,0108714729805007172703061028998246,10-40-120,03-06-2027,Epic Vascular (OTW) Self-Expanding Stent System (035),H74939200104020***03-06-2027,H74939200104020
1,Boston Scientific,0108714729805045172507011026956037,10-60-120,07-01-2025,Epic Vascular (OTW) Self-Expanding Stent System (035),H74939200106020***07-01-2025,H74939200106020
1,Boston Scientific,0108714729805144172702071028826417,12-40-120,02-07-2027,Epic Vascular (OTW) Self-Expanding Stent System (035),H74939200124020***02-07-2027,H74939200124020
1,Boston Scientific,0108714729805182172702241028938899,12-60-120,02-24-2027,Epic Vascular (OTW) Self-Expanding Stent System (035),H74939200126020***02-24-2027,H74939200126020
34,Boston Scientific,0108714729904366172411211030581706,3.6F-135,11-21-2024,OptiCross 18 30MHz Peripheral Imaging Catheter (018),H7493932800180***11-21-2024,H7493932800180
12,Boston Scientific,0108714729904366172412211030756414,3.6F-135,12-21-2024,OptiCross 18 30MHz Peripheral Imaging Catheter (018),H7493932800180***12-21-2024,H7493932800180
2,Boston Scientific,0108714729904366172503031031164303,3.6F-135,03-03-2025,OptiCross 18 30MHz Peripheral Imaging Catheter (018),H7493932800180***03-03-2025,H7493932800180
11,Abbott,"010871764801308917241231103022341918978
010871764801308917241231103022341918976
010871764801308917241231103022341918973
010871764801308917241231103022341918957
010871764801308917241231103022341918958
010871764801308917241231103022341919006
010871764801308917241231103022341918974
010871764801308917241231103022341918980
010871764801308917241231103022341918981
010871764801308917241231103022341918985
010871764801308917241231103021041916015",6F (2.0 mm),12-31-2024,Perclose ProGlide Suture-Mediated Closure System,12673-03***12-31-2024,12673-03
2,Abbott,"010871764801308917250131103032441919365
010871764801308917250131103032441919369",6F (2.0 mm),1-31-2025,Perclose ProGlide Suture-Mediated Closure System,12673-03***01-31-2025,12673-03
1,Abbott,010871764801308917231231102021541914408,6F (2.0 mm),12-31-2023,Perclose ProGlide Suture-Mediated Closure System,12673-03***12-31-2023,12673-03
1,Boston Scientific,used,8F-105,12-08-2024,OptiCross 35 15MHz (OTW) Peripheral Imaging Catheter,H7493932800350***12-08-2024,H7493932800350
10,Abbott,010871764807946717241001102111741,6F (2.0 mm),10-01-2024,StarClose SE Vascular Closure System,14679-01***10-01-2024,14679-01
1,Abbott,010871764807946717240101102011741,6F (2.0 mm),01-01-2024,StarClose SE Vascular Closure System,14679-01***01-01-2024,14679-01
1,Abbott,010871764807946717240201102021741,6F (2.0 mm),02-01-2024,StarClose SE Vascular Closure System,14679-01***02-01-2024,14679-01
1,Boston Scientific,0108714729889731172402071029130324,145-4F,02-07-2024,AngioJet Solent Dista (OTW) Thrombectomy Set,111303-001***02-07-2024,111303-001
1,Boston Scientific,0108714729889731172401291029068556,145-4F,01-29-2024,AngioJet Solent Dista (OTW) Thrombectomy Set,111303-001***01-29-2024,111303-001
1,Boston Scientific,0108714729889663172401111028998410,120-6F,01-11-2024,AngioJet Solent Omni (OTW) Thrombectomy Set,109681-001***01-11-2024,109681-001
1,Boston Scientific,0108714729889663172403201029365692,120-6F,03-20-2024,AngioJet Solent Omni (OTW) Thrombectomy Set,109681-001***03-20-2024,109681-001
5,Boston Scientific,0108714729889045172409161031084256,50-6F,09-16-2024,AngioJet AVX (OTW) Thrombectomy Set,105039-001***09-16-2024,105039-001
1,ev3,01006431697289431725021310B338372,9-40-120-0.035-6F,02-13-2025,Protege GPS (OTW) Self-Expanding Nitinol Stent System,SERB65-09-40-120***02-13-2025,SERB65-09-40-120
1,ev3,01006431697289431725082910B439245,9-40-120-0.035-6F,08-29-2025,Protege GPS (OTW) Self-Expanding Nitinol Stent System,SERB65-09-40-120***08-29-2025,SERB65-09-40-120
2,ev3,01006431697289671725020710B335163,9-60-120-0.035-6F,02-07-2025,Protege GPS (OTW) Self-Expanding Nitinol Stent System,SERB65-09-60-120***02-07-2025,SERB65-09-60-120
2,ev3,01006431697289811725020210B332759,9-80-120-0.035-6F,02-02-2025,Protege GPS (OTW) Self-Expanding Nitinol Stent System,SERB65-09-80-120***02-02-2025,SERB65-09-80-120
2,ev3,01006431697290491725021110B337652,10-40-120-0.035-6F,02-11-2025,Protege GPS (OTW) Self-Expanding Nitinol Stent System,SERB65-10-40-120***02-11-2025,SERB65-10-40-120
2,ev3,01006431697290631725031510B353990,10-60-120-0.035-6F,03-15-2025,Protege GPS (OTW) Self-Expanding Nitinol Stent System,SERB65-10-60-120***03-15-2025,SERB65-10-60-120
2,ev3,01006431697290871725022010B341844,10-80-120-0.035-6F,02-20-2025,Protege GPS (OTW) Self-Expanding Nitinol Stent System,SERB65-10-80-120***02-20-2025,SERB65-10-80-120
1,ev3,01008216840599061725081610B432803,6-60-120-0.035-6F,08-16-2025,EverFlex Self-Expanding Peripheral Stent System + Protege EverFlex Self-Expanding Biliary Stent System (OTW),PRB35-06-060-120***08-16-2025,PRB35-06-060-120
1,ev3,Used,6-60-120-0.035-6F,02-15-2025,EverFlex Self-Expanding Peripheral Stent System + Protege EverFlex Self-Expanding Biliary Stent System (OTW),PRB35-06-060-120***02-15-2025,PRB35-06-060-120
1,ev3,01008216840599201725021010B337262,6-80-120-0.035-6F,02-10-2025,EverFlex Self-Expanding Peripheral Stent System + Protege EverFlex Self-Expanding Biliary Stent System (OTW),PRB35-06-080-120***02-10-2025,PRB35-06-080-120
1,ev3,01008216840599441725101310B462440,6-100-120-0.035-6F,10-13-2025,EverFlex Self-Expanding Peripheral Stent System + Protege EverFlex Self-Expanding Biliary Stent System (OTW),PRB35-06-100-120***10-13-2025,PRB35-06-100-120
1,ev3,01008216840599681725021710B341101,6-120-120-0.035-6F,02-17-2025,EverFlex Self-Expanding Peripheral Stent System + Protege EverFlex Self-Expanding Biliary Stent System (OTW),PRB35-06-120-120***02-17-2025,PRB35-06-120-120
1,ev3,01008216840599821725030810B350280,6-150-120-0.035-6F,03-08-2025,EverFlex Self-Expanding Peripheral Stent System + Protege EverFlex Self-Expanding Biliary Stent System (OTW),PRB35-06-150-120***03-08-2025,PRB35-06-150-120
2,ev3,01008216840600561725021510B339915,7-40-120-0.035-6F,02-15-2025,EverFlex Self-Expanding Peripheral Stent System + Protege EverFlex Self-Expanding Biliary Stent System (OTW),PRB35-07-040-120***02-15-2025,PRB35-07-040-120
1,ev3,1108,7-60-120-0.035-6F,10-04-2025,EverFlex Self-Expanding Peripheral Stent System + Protege EverFlex Self-Expanding Biliary Stent System (OTW),PRB35-07-060-120***10-04-2025,PRB35-07-060-120
1,ev3,01008216840600701725012110B326486,7-60-120-0.035-6F,01-21-2025,EverFlex Self-Expanding Peripheral Stent System + Protege EverFlex Self-Expanding Biliary Stent System (OTW),PRB35-07-060-120***01-21-2025,PRB35-07-060-120
1,ev3,01008216840600941724072710B241076,7-80-120-0.035-6F,07-27-2024,EverFlex Self-Expanding Peripheral Stent System + Protege EverFlex Self-Expanding Biliary Stent System (OTW),PRB35-07-080-120***07-27-2024,PRB35-07-080-120
1,ev3,01008216840600941724091510B266507,7-80-120-0.035-6F,09-15-2024,EverFlex Self-Expanding Peripheral Stent System + Protege EverFlex Self-Expanding Biliary Stent System (OTW),PRB35-07-080-120***09-15-2024,PRB35-07-080-120
1,ev3,01008216840601171725011110B321914,7-100-120-0.035-6F,01-11-2025,EverFlex Self-Expanding Peripheral Stent System + Protege EverFlex Self-Expanding Biliary Stent System (OTW),PRB35-07-100-120***01-11-2025,PRB35-07-100-120
1,ev3,01008216840601311725021610B340378,7-120-120-0.035-6F,02-16-2025,EverFlex Self-Expanding Peripheral Stent System + Protege EverFlex Self-Expanding Biliary Stent System (OTW),PRB35-07-120-120***02-16-2025,PRB35-07-120-120
1,ev3,01008216840601551725030210B347502,7-150-120-0.035-6F,03-02-2025,EverFlex Self-Expanding Peripheral Stent System + Protege EverFlex Self-Expanding Biliary Stent System (OTW),PRB35-07-150-120***03-02-2025,PRB35-07-150-120
2,ev3,01008216840602231725021610B340394,8-40-120-0.035-6F,02-16-2025,EverFlex Self-Expanding Peripheral Stent System + Protege EverFlex Self-Expanding Biliary Stent System (OTW),PRB35-08-040-120***02-16-2025,PRB35-08-040-120
2,ev3,01008216840602471725012310B327592,8-60-120-0.035-6F,01-23-2025,EverFlex Self-Expanding Peripheral Stent System + Protege EverFlex Self-Expanding Biliary Stent System (OTW),PRB35-08-060-120***01-23-2025,PRB35-08-060-120
2,ev3,01008216840602611725021710B341012,8-80-120-0.035-6F,02-17-2025,EverFlex Self-Expanding Peripheral Stent System + Protege EverFlex Self-Expanding Biliary Stent System (OTW),PRB35-08-080-120***02-17-2025,PRB35-08-080-120
2,ev3,01008216840602851725030810B350685,8-100-120-0.035-6F,03-08-2025,EverFlex Self-Expanding Peripheral Stent System + Protege EverFlex Self-Expanding Biliary Stent System (OTW),PRB35-08-100-120***03-08-2025,PRB35-08-100-120
1,ev3,01008216840602851725020610B334429,8-100-120-0.035-6F,02-06-2025,EverFlex Self-Expanding Peripheral Stent System + Protege EverFlex Self-Expanding Biliary Stent System (OTW),PRB35-08-100-120***02-06-2025,PRB35-08-100-120
2,Medtronic,010076300040239617250815100011359040,6Fr-0.014-5.9,08-15-2025,TurboHawk Plus Directional Atherectomy System (M = Multi-vessel) Made for use with Ref# FG02550,THP-M***08-15-2025,THP-M
1,Medtronic,010076300040239617250113100011023135,6Fr-0.014-5.9,01-13-2025,TurboHawk Plus Directional Atherectomy System (M = Multi-vessel) Made for use with Ref# FG02550,THP-M***01-13-2025,THP-M
1,Medtronic,010076300040239617250824100011371933,6Fr-0.014-5.9,08-24-2025,TurboHawk Plus Directional Atherectomy System (M = Multi-vessel) Made for use with Ref# FG02550,THP-M***08-24-2025,THP-M
2,Medtronic,010076300040243317250824100011372076,-,08-24-2025,Cutter Driver,FG02550***08-24-2025,FG02550
2,Medtronic,010076300040243317250719100011321816,-,07-19-2025,Cutter Driver,FG02550***07-19-2025,FG02550
1,Medtronic,010076300040243317250202100011055714,-,02-02-2025,Cutter Driver,FG02550***02-02-2025,FG02550
2,COOK Medical,"0110827002255712172412313011096469A018
0110827002255712172412313011096469A017",-,12-31-2024,Sphere Inflation Device,CID-20-30-NG***12-31-2024,CID-20-30-NG
9,COOK Medical,0110827002255712172511303011096469A028,-,11-30-2025,Sphere Inflation Device,CID-20-30-NG***11-30-2025,CID-20-30-NG
2,Boston Scientific,01087147298422551725010110D220098,-,01-01-2025,MDU5 PLUS Sterile Bag,H749MDU5PLUSBAG0***01-01-2025,H749MDU5PLUSBAG0
1,Boston Scientific,01087147298422551724050110D211378,-,05-01-2024,MDU5 PLUS Sterile Bag,H749MDU5PLUSBAG0***05-01-2024,H749MDU5PLUSBAG0
10,Boston Scientific,"0108714729838906172501151030857295
0108714729838906172501151030857296",1.50 mm,01-15-2025,Peripheral RotaLink Plus Pre-Connected Exchangeable Burr Catheter and Burr Advancing Device,M0011401500***01-15-2025,M0011401500
4,COOK Medical,0100827002111899172404261014688112,5.0Fr-0.038-80,04-26-2024,Beacon Tip - Torcon NB Advantage Catheter (VS1),HNBR5.0-38-80-P-NS-VS1***04-26-2024,HNBR5.0-38-80-P-NS-VS1
5,COOK Medical,0100827002359741172308261014165202,5.0Fr-0.035-125,08-26-2023,Beacon Tip - Torcon NB Advantage Catheter (VS1),HNBR5.0-35-125-P-NS-VS1***08-26-2023,HNBR5.0-35-125-P-NS-VS1
7,COOK Medical,0100827002084445172404101014657361,5.0Fr-0.035-65,04-10-2024,Beacon Tip - Torcon NB Advantage Catheter (RIM),HNBR5.0-35-65-P-NS-RIM***04-10-2024,HNBR5.0-35-65-P-NS-RIM
2,COOK Medical,0100827002087965172403281014608512,5.0Fr-0.035-65,12-01-2023,Beacon Tip - Torcon NB Advantage Catheter (KMP),HNBR5.0-35-65-P-NS-KMP***12-01-2023,HNBR5.0-35-65-P-NS-KMP
10,COOK Medical,0100827002114579172404081014656848,5.0Fr-0.038-100,04-08-2024,Beacon Tip - Torcon NB Advantage Catheter (KMP),HNBR5.0-38-100-P-NS-KMP***04-08-2024,HNBR5.0-38-100-P-NS-KMP
1,COOK Medical,Used,5.0Fr-0.038-100,04-07-2024,Beacon Tip - Torcon NB Advantage Catheter (KMP),HNBR5.0-38-100-P-NS-KMP***04-07-2024,HNBR5.0-38-100-P-NS-KMP
5,COOK Medical,0100827002087965172403281014608512,5.0Fr-0.035-100,03-28-2024,Beacon Tip - Torcon NB Advantage Catheter (C2),HNBR5.0-35-100-P-NS-C2***03-28-2024,HNBR5.0-35-100-P-NS-C2
1,COOK Medical,0100827002093126172403091014572183,5.0Fr-0.038-80,03-09-2024,Beacon Tip - Torcon NB Advantage Catheter (MIK),HNBR5.0-38-80-P-NS-MIK***03-09-2024,HNBR5.0-38-80-P-NS-MIK
1,COOK Medical,0100827002085817172403091014574492,5.0Fr-0.038-100,03-09-2024,Beacon Tip - Torcon NB Advantage Catheter (DAV),HNBR5.0-38-100-P-NS-DAV***03-09-2024,HNBR5.0-38-100-P-NS-DAV
5,COOK Medical,0100827002113756172404071014641271,5.0Fr-0.035-125,04-07-2024,Beacon Tip - Torcon NB Advantage Catheter (DAV),HNBR5.0-35-125-P-NS-DAV***04-07-2024,HNBR5.0-35-125-P-NS-DAV
1,COOK Medical,0100827002121546172310181014275440,5.0Fr-0.038-125,10-18-2023,Beacon Tip - Torcon NB Advantage Catheter (MPA),HNBR5.0-38-125-P-NS-MPA***10-18-2023,HNBR5.0-38-125-P-NS-MPA
3,COOK Medical,0100827002562301172502241014556568,5.0Fr-0.035-55,02-24-2025,Flexor Check-Flo Introducer (Ansel Modification with High-Flex Dilator and Hydrophilic Coating),KCFW-5.0-35-55-RB-HFANL0-HC***02-24-2025,KCFW-5.0-35-55-RB-HFANL0-HC
2,COOK Medical,0100827002481893172507281014865861,5.0Fr-0.018/0.038-90,07-28-2025,Flexor Check-Flo Introducer (Ansel Modification),KCFW-5.0-18/38-90-RB-ANL0-HC***07-28-2025,KCFW-5.0-18/38-90-RB-ANL0-HC
5,COOK Medical,0100827002562363172502231014554295,6.0Fr-0.035-55,02-23-2025,Flexor Check-Flo Introducer (Ansel 1 Modification with High-Flex Dilator and Hydrophilic Coating),KCFW-6.0-35-55-RB-HFANL1-HC***02-23-2025,KCFW-6.0-35-55-RB-HFANL1-HC
15,COOK Medical,0100827002562264172502221014551633,6.0Fr-0.035-70,02-22-2025,Flexor Check-Flo Introducer (Ansel 1 Modification with High-Flex Dilator and Hydrophilic Coating),KCFW-6.0-35-70-RB-HFANL1-HC***02-22-2025,KCFW-6.0-35-70-RB-HFANL1-HC
3,COOK Medical,0100827002490437172502221014551662,7.0Fr-0.035-55,02-22-2025,Flexor Check-Flo Introducer (Ansel 1 Modification with High-Flex Dilator and Hydrophilic Coating),KCFW-7.0-35-55-RB-HFANL1-HC***02-22-2025,KCFW-7.0-35-55-RB-HFANL1-HC
5,COOK Medical,0100827002562332172502141014534520,8.0Fr-0.035-55,02-14-2025,Flexor Check-Flo Introducer (Ansel Modification with High-Flex Dilator and Hydrophilic Coating),KCFW-8.0-35-55-RB-HFANL0-HC***02-14-2025,KCFW-8.0-35-55-RB-HFANL0-HC
5,COOK Medical,0100827002047044172505051014709451,5.0Fr-0.035-70,05-05-2025,Royal Flush Plus High-Flow Catheter (PIG),HN5.0-35-70-P-10S-PIG***05-05-2025,HN5.0-35-70-P-10S-PIG
4,COOK Medical,0100827002047044172504281014694833,5.0Fr-0.035-70,04-28-2025,Royal Flush Plus High-Flow Catheter (PIG),HN5.0-35-70-P-10S-PIG***04-28-2025,HN5.0-35-70-P-10S-PIG
9,COOK Medical,0100827002355514172509261014976523,5.0Fr-7-40-10,09-26-2025,Micropuncture Introducer Set - (Silhouette Transitionless Push-Plus Design - STIFFENED CANNULA),MPIS-502-10.0-SC-NT-U-SST***09-26-2025,MPIS-502-10.0-SC-NT-U-SST
5,COOK Medical,0100827002562011172603031015252954,4.0Fr-7-40-10,03-03-2026,Micropuncture Introducer Set - (Silhouette Transitionless),MPIS-402-NT-U-SST***03-03-2026,MPIS-402-NT-U-SST
1,COOK Medical,0100827002012530172710201015030149,0.035-260-1.5,10-20-2027,Rosen Curved Wire Guide,THSCF-35-260-1.5-ROSEN***10-20-2027,THSCF-35-260-1.5-ROSEN
7,COOK Medical,0100827002012530172703291014633143,0.035-260-1.5,03-29-2027,Rosen Curved Wire Guide,THSCF-35-260-1.5-ROSEN***03-29-2027,THSCF-35-260-1.5-ROSEN
1,Boston Scientific,0108714729979616172503221031288016,18-90-75,03-22-2025,Venous WALLSTENT (Self-Expanding Stent),H74912044189070***03-22-2025,H74912044189070
2,Boston Scientific,0108714729979647172501251030925389,20-80-75,01-25-2025,Venous WALLSTENT (Self-Expanding Stent),H74912044208070***01-25-2025,H74912044208070
9,Boston Scientific,0104543527181648172510311022K08B7,6Fr,10-31-2025,Super Sheath,15-722B***10-31-2025,15-722B
7,Terumo,17240701100000120489,4Fr,07-01-2024,Pinnacle Introducer Sheath,RSS401***07-01-2024,RSS401
7,Terumo,17240701100000143327,5Fr,07-01-2024,Pinnacle Introducer Sheath,RSS501***07-01-2024,RSS501
1,Terumo,17240801100000157350,6Fr,08-01-2024,Pinnacle Introducer Sheath,RSS601***08-01-2024,RSS601
4,Terumo,17240701100000150065,7Fr,07-01-2024,Pinnacle Introducer Sheath,RSS701***07-01-2024,RSS701
10,Terumo,17240701100000140990,8Fr,07-01-2024,Pinnacle Introducer Sheath,RSS801***07-01-2024,RSS801
4,Terumo,17240901100000162693,11Fr,09-01-2024,Pinnacle Introducer Sheath,RSS101***09-01-2024,RSS101
2,ev3,01006431697876981725011510B323736,6-27-135-6F,01-15-2025,"Visi-Pro Balloon-Expandable Peripheral Stent System (0.035"" OTW)",PXB35-06-27-135***01-15-2025,PXB35-06-27-135
2,ev3,01006431697877111724122110B316433,6-37-135-6F,12-21-2024,"Visi-Pro Balloon-Expandable Peripheral Stent System (0.035"" OTW)",PXB35-06-37-135***12-21-2024,PXB35-06-37-135
2,ev3,01006431697877351725012610B329419,6-57-135-6F,01-26-2025,"Visi-Pro Balloon-Expandable Peripheral Stent System (0.035"" OTW)",PXB35-06-57-135***01-26-2025,PXB35-06-57-135
1,ev3,(used/expired),7-27-135-6F,06-02-2023,"Visi-Pro Balloon-Expandable Peripheral Stent System (0.035"" OTW)",PXB35-07-27-135***06-02-2023,PXB35-07-27-135
1,ev3,01006431697877801724121310B312105,7-27-135-6F,12-13-2024,"Visi-Pro Balloon-Expandable Peripheral Stent System (0.035"" OTW)",PXB35-07-27-135***12-13-2024,PXB35-07-27-135
1,ev3,(used/expired),7-37-135-6F,06-02-2023,"Visi-Pro Balloon-Expandable Peripheral Stent System (0.035"" OTW)",PXB35-07-37-135***06-02-2023,PXB35-07-37-135
1,ev3,01006431697878031725011710B324227,7-37-135-6F,01-17-2025,"Visi-Pro Balloon-Expandable Peripheral Stent System (0.035"" OTW)",PXB35-07-37-135***01-17-2025,PXB35-07-37-135
1,ev3,(used/expired),7-57-135-6F,06-19-2023,"Visi-Pro Balloon-Expandable Peripheral Stent System (0.035"" OTW)",PXB35-07-57-135***06-19-2023,PXB35-07-57-135
1,ev3,01006431697878271725010310B317620,7-57-135-6F,01-03-2025,"Visi-Pro Balloon-Expandable Peripheral Stent System (0.035"" OTW)",PXB35-07-57-135***01-03-2025,PXB35-07-57-135
2,ev3,01006431697878651725012810B330436,8-27-135-6F,01-28-2025,"Visi-Pro Balloon-Expandable Peripheral Stent System (0.035"" OTW)",PXB35-08-27-135***01-28-2025,PXB35-08-27-135
2,ev3,01006431697878891725021110B337853,8-37-135-6F,02-11-2025,"Visi-Pro Balloon-Expandable Peripheral Stent System (0.035"" OTW)",PXB35-08-37-135***02-11-2025,PXB35-08-37-135
2,ev3,(used/expired),8-57-135-6F,05-22-2023,"Visi-Pro Balloon-Expandable Peripheral Stent System (0.035"" OTW)",PXB35-08-57-135***05-22-2023,PXB35-08-57-135
2,ev3,01006431697879571725011310B322757,9-37-80-7F,01-13-2025,"Visi-Pro Balloon-Expandable Peripheral Stent System (0.035"" OTW)",PXB35-09-37-080***01-13-2025,PXB35-09-37-080
2,ev3,01006431697879711724101210B280987,9-57-80-7F,10-12-2024,"Visi-Pro Balloon-Expandable Peripheral Stent System (0.035"" OTW)",PXB35-09-57-080***10-12-2024,PXB35-09-57-080
2,ev3,01006431697880391724121210B311496,10-37-80-7F,12-12-2024,"Visi-Pro Balloon-Expandable Peripheral Stent System (0.035"" OTW)",PXB35-10-37-080***12-12-2024,PXB35-10-37-080
2,ev3,01006431697880531724101110B280544,10-57-80-7F,10-11-2024,"Visi-Pro Balloon-Expandable Peripheral Stent System (0.035"" OTW)",PXB35-10-57-080***10-11-2024,PXB35-10-57-080
1,ev3,01006431699732511725022410B344636,3-40-135-5F,02-24-2025,EverCross 0.035 OTW PTA Dilatation Catheter,AB35W03040135***02-24-2025,AB35W03040135
1,ev3,01007630001859231725031010B351808,3-60-135-5F,03-10-2025,EverCross 0.035 OTW PTA Dilatation Catheter,AB35W03060135***03-10-2025,AB35W03060135
1,ev3,01007630001859471724111910B301577,3-80-135-5F,11-19-2024,EverCross 0.035 OTW PTA Dilatation Catheter,AB35W03080135***11-19-2024,AB35W03080135
1,ev3,01006431699733121725030710B350175,3-100-135-5F,03-07-2025,EverCross 0.035 OTW PTA Dilatation Catheter,AB35W03100135***03-07-2025,AB35W03100135
1,ev3,01006431699733361725031710B355523,3-120-135-5F,03-17-2025,EverCross 0.035 OTW PTA Dilatation Catheter,AB35W03120135***03-17-2025,AB35W03120135
1,ev3,01007630001860051725021810B341169,3-150-135-5F,02-18-2025,EverCross 0.035 OTW PTA Dilatation Catheter,AB35W03150135***02-18-2025,AB35W03150135
1,ev3,01007630001860291725030210B347521,3-200-135-5F,03-02-2025,EverCross 0.035 OTW PTA Dilatation Catheter,AB35W03200135***03-02-2025,AB35W03200135
1,ev3,(used),4-40-135-5F,03-17-2025,EverCross 0.035 OTW PTA Dilatation Catheter,AB35W04040135***03-17-2025,AB35W04040135
1,ev3,01007630001861041725031610B355100,4-60-135-5F,03-16-2025,EverCross 0.035 OTW PTA Dilatation Catheter,AB35W04060135***03-16-2025,AB35W04060135
1,ev3,01007630001861111725111610B478860,4-80-80-5F,11-16-2025,EverCross 0.035 OTW PTA Dilatation Catheter,AB35W04080080***11-16-2025,AB35W04080080
1,ev3,01007630001861281725031710B355096,4-80-135-5F,03-17-2025,EverCross 0.035 OTW PTA Dilatation Catheter,AB35W04080135***03-17-2025,AB35W04080135
1,ev3,01006431699735101724020310B155977,4-120-135-5F,02-03-2024,EverCross 0.035 OTW PTA Dilatation Catheter,AB35W04120135***02-03-2024,AB35W04120135
1,ev3,01006431699735341725030710B350130,4-150-135-5F,03-07-2025,EverCross 0.035 OTW PTA Dilatation Catheter,AB35W04150135***03-07-2025,AB35W04150135
1,ev3,01006431699735581725032010B356783,4-200-135-5F,03-20-2025,EverCross 0.035 OTW PTA Dilatation Catheter,AB35W04200135***03-20-2025,AB35W04200135
1,ev3,01007630001841791725111510B478399,5-60-135-5F,11-15-2025,EverCross 0.035 OTW PTA Dilatation Catheter,AB35W05060135***11-15-2025,AB35W05060135
1,ev3,01007630001841791725100310B456721,5-60-135-5F,10-03-2025,EverCross 0.035 OTW PTA Dilatation Catheter,AB35W05060135***10-03-2025,AB35W05060135
1,ev3,01006431699737251725041210B368503,5-100-135-5F,04-12-2025,EverCross 0.035 OTW PTA Dilatation Catheter,AB35W05100135***04-12-2025,AB35W05100135
1,ev3,01007630001842231725110810B474922,5-100-135-5F,11-08-2025,EverCross 0.035 OTW PTA Dilatation Catheter,AB35W05100135***11-08-2025,AB35W05100135
1,ev3,01007630001842541725032110B356984,5-120-135-5F,03-21-2025,EverCross 0.035 OTW PTA Dilatation Catheter,AB35W05120135***03-21-2025,AB35W05120135
1,ev3,01006431699738791725050410B379875,6-40-135-5F,05-04-2025,EverCross 0.035 OTW PTA Dilatation Catheter,AB35W06040135***05-04-2025,AB35W06040135
1,ev3,01006431699738931725042510B375331,6-60-135-5F,04-25-2025,EverCross 0.035 OTW PTA Dilatation Catheter,AB35W06060135***04-25-2025,AB35W06060135
1,ev3,01006431699739231725040810B366538,6-80-135-5F,04-08-2025,EverCross 0.035 OTW PTA Dilatation Catheter,AB35W06080135***04-08-2025,AB35W06080135
1,ev3,01006431699739781725031510B354490,6-120-135-5F,03-15-2025,EverCross 0.035 OTW PTA Dilatation Catheter,AB35W06120135***03-15-2025,AB35W06120135
1,ev3,01006431699739921725042210B373711,6-150-135-5F,04-22-2025,EverCross 0.035 OTW PTA Dilatation Catheter,AB35W06150135***04-22-2025,AB35W06150135
1,ev3,(used),6-150-135-5F,03-21-2025,EverCross 0.035 OTW PTA Dilatation Catheter,AB35W06150135***03-21-2025,AB35W06150135
1,ev3,01006431699740981725040810B366807,7-40-135-5F,04-08-2025,EverCross 0.035 OTW PTA Dilatation Catheter,AB35W07040135***04-08-2025,AB35W07040135
1,ev3,01007630001846291725021510B339259,7-60-135-6F,02-15-2025,EverCross 0.035 OTW PTA Dilatation Catheter,AB35W07060135***02-15-2025,AB35W07060135
1,ev3,01006431699741421725030810B350725,7-80-135-6F,03-08-2025,EverCross 0.035 OTW PTA Dilatation Catheter,AB35W07080135***03-08-2025,AB35W07080135
1,ev3,01006431699741661725022810B346114,7-100-135-6F,02-28-2025,EverCross 0.035 OTW PTA Dilatation Catheter,AB35W07100135***02-28-2025,AB35W07100135
1,ev3,01006431699741801725031010B351632,7-120-135-6F,03-10-2025,EverCross 0.035 OTW PTA Dilatation Catheter,AB35W07120135***03-10-2025,AB35W07120135
1,ev3,01006431699742031725032910B361801,7-150-135-6F,03-29-2025,EverCross 0.035 OTW PTA Dilatation Catheter,AB35W07150135***03-29-2025,AB35W07150135
1,ev3,01006431699742031725021810B341385,7-150-135-6F,02-18-2025,EverCross 0.035 OTW PTA Dilatation Catheter,AB35W07150135***02-18-2025,AB35W07150135
1,ev3,01006431699742271725020410B333811,7-200-135-6F,02-04-2025,EverCross 0.035 OTW PTA Dilatation Catheter,AB35W07200135***02-04-2025,AB35W07200135
1,ev3,01006431699743021725022110B342384,8-40-135-6F,02-21-2025,EverCross 0.035 OTW PTA Dilatation Catheter,AB35W08040135***02-21-2025,AB35W08040135
1,ev3,01006431699743331725013010B331132,8-60-135-6F,01-30-2025,EverCross 0.035 OTW PTA Dilatation Catheter,AB35W08060135***01-30-2025,AB35W08060135
1,ev3,01006431699744181725020210B332573,9-40-135-6F,02-02-2025,EverCross 0.035 OTW PTA Dilatation Catheter,AB35W09040135***02-02-2025,AB35W09040135
1,ev3,01006431699744321724101010B279443,9-60-135-6F,10-10-2024,EverCross 0.035 OTW PTA Dilatation Catheter,AB35W09060135***10-10-2024,AB35W09060135
1,ev3,01007630001107341725012710B329839,2.5-20-170-4F,01-27-2025,RapidCross PTA Rapid Exchange Balloon Dilatation Catheter,A14BX025020170***01-27-2025,A14BX025020170
1,ev3,01007630001107581725031310B352881,2.5-40-170-4F,03-13-2025,RapidCross PTA Rapid Exchange Balloon Dilatation Catheter,A14BX025040170***03-13-2025,A14BX025040170
1,ev3,01007630001107721725011110B321605,2.5-60-170-4F,01-11-2025,RapidCross PTA Rapid Exchange Balloon Dilatation Catheter,A14BX025060170***01-11-2025,A14BX025060170
1,ev3,01007630001107961725013110B331498,2.5-80-170-4F,01-31-2025,RapidCross PTA Rapid Exchange Balloon Dilatation Catheter,A14BX025080170***01-31-2025,A14BX025080170
1,ev3,01007630001108191725032710B360026,2.5-100-170-4F,03-27-2025,RapidCross PTA Rapid Exchange Balloon Dilatation Catheter,A14BX025100170***03-27-2025,A14BX025100170
1,ev3,01007630001108331725031310B352775,2.5-120-170-4F,03-13-2025,RapidCross PTA Rapid Exchange Balloon Dilatation Catheter,A14BX025120170***03-13-2025,A14BX025120170
1,ev3,01007630001108571725031710B355262,2.5-150-170-4F,03-17-2025,RapidCross PTA Rapid Exchange Balloon Dilatation Catheter,A14BX025150170***03-17-2025,A14BX025150170
1,ev3,01007630001108711725030810B350370,(2.5-2.0)-210-170-4F,03-08-2025,RapidCross PTA Rapid Exchange Balloon Dilatation Catheter,A14BX025210170***03-08-2025,A14BX025210170
1,ev3,01007630001108951725041710B370561,3-20-170-4F,04-17-2025,RapidCross PTA Rapid Exchange Balloon Dilatation Catheter,A14BX030020170***04-17-2025,A14BX030020170
1,ev3,01007630001109321725032710B360254,3-60-170-4F,03-27-2025,RapidCross PTA Rapid Exchange Balloon Dilatation Catheter,A14BX030060170***03-27-2025,A14BX030060170
1,ev3,01007630001109561725071910B418912,3-80-170-4F,07-19-2025,RapidCross PTA Rapid Exchange Balloon Dilatation Catheter,A14BX030080170***07-19-2025,A14BX030080170
1,ev3,01007630001109701725030610B349210,3-100-170-4F,03-06-2025,RapidCross PTA Rapid Exchange Balloon Dilatation Catheter,A14BX030100170***03-06-2025,A14BX030100170
1,ev3,01007630001109941725030310B348301,3-120-170-4F,03-03-2025,RapidCross PTA Rapid Exchange Balloon Dilatation Catheter,A14BX030120170***03-03-2025,A14BX030120170
1,ev3,01007630001110141725030710B350051,3-150-170-4F,03-07-2025,RapidCross PTA Rapid Exchange Balloon Dilatation Catheter,A14BX030150170***03-07-2025,A14BX030150170
1,ev3,01007630001110381725031610B354850,(3.0-2.5)-210-170-4F,03-16-2025,RapidCross PTA Rapid Exchange Balloon Dilatation Catheter,A14BX030210170***03-16-2025,A14BX030210170
1,ev3,01007630001110521725042710B376179,3.5-20-170-4F,04-27-2025,RapidCross PTA Rapid Exchange Balloon Dilatation Catheter,A14BX035020170***04-27-2025,A14BX035020170
1,ev3,01007630001110761725020110B332079,3.5-40-170-4F,02-01-2025,RapidCross PTA Rapid Exchange Balloon Dilatation Catheter,A14BX035040170***02-01-2025,A14BX035040170
1,ev3,01007630001110901724062610B226811,3.5-60-170-4F,06-26-2024,RapidCross PTA Rapid Exchange Balloon Dilatation Catheter,A14BX035060170***06-26-2024,A14BX035060170
1,ev3,01007630001111131724072110B238212,3.5-80-170-4F,07-21-2024,RapidCross PTA Rapid Exchange Balloon Dilatation Catheter,A14BX035080170***07-21-2024,A14BX035080170
1,ev3,01007630001111371724081210B249580,3.5-100-170-4F,08-12-2024,RapidCross PTA Rapid Exchange Balloon Dilatation Catheter,A14BX035100170***08-12-2024,A14BX035100170
1,ev3,01007630001111511725032010B356542,3.5-120-170-4F,03-20-2025,RapidCross PTA Rapid Exchange Balloon Dilatation Catheter,A14BX035120170***03-20-2025,A14BX035120170
1,ev3,01007630001111751725040310B363614,3.5-150-170-4F,04-03-2025,RapidCross PTA Rapid Exchange Balloon Dilatation Catheter,A14BX035150170***04-03-2025,A14BX035150170
1,ev3,01007630001111991725041710B370351,(3.5-3.0)-210-170-4F,04-17-2025,RapidCross PTA Rapid Exchange Balloon Dilatation Catheter,A14BX035210170***04-17-2025,A14BX035210170
1,ev3,(used/expired),4-20-170-4F,08-24-2023,RapidCross PTA Rapid Exchange Balloon Dilatation Catheter,A14BX040020170***08-24-2023,A14BX040020170
1,ev3,01007630001112361725030810B350320,4-40-170-4F,03-08-2025,RapidCross PTA Rapid Exchange Balloon Dilatation Catheter,A14BX040040170***03-08-2025,A14BX040040170
1,ev3,01007630001112501725072410B421102,4-60-170-4F,07-24-2025,RapidCross PTA Rapid Exchange Balloon Dilatation Catheter,A14BX040060170***07-24-2025,A14BX040060170
1,ev3,01007630001112741725101210B461457,4-80-170-4F,10-12-2025,RapidCross PTA Rapid Exchange Balloon Dilatation Catheter,A14BX040080170***10-12-2025,A14BX040080170
1,ev3,01007630001112981725030610B349061,4-100-170-4F,03-06-2025,RapidCross PTA Rapid Exchange Balloon Dilatation Catheter,A14BX040100170***03-06-2025,A14BX040100170
5,COOK Medical,0100827002087774172708291014929643,0.014-180,08-29-2027,Roadrunner Extra Support Wire Guide,RSTF-14-180***08-29-2027,RSTF-14-180
1,COOK Medical,0100827002088016172702161014450165,0.014-300,02-16-2027,Roadrunner Extra Support Wire Guide,RSTF-14-300***02-16-2027,RSTF-14-300
2,COOK Medical,0100827002088016172704191014679113,0.014-300,04-19-2027,Roadrunner Extra Support Wire Guide,RSTF-14-300***04-19-2027,RSTF-14-300
6,COOK Medical,0100827002088016172704291014623149,0.014-300,04-29-2027,Roadrunner Extra Support Wire Guide,RSTF-14-300***04-29-2027,RSTF-14-300
4,COOK Medical,0100827002076402172705011014603483,0.018-300,05-01-2027,Roadrunner Extra Support Wire Guide,RSTF-18-300***05-01-2027,RSTF-18-300
1,COOK Medical,0100827002183735172402261013779591,2.3Fr-0.014-150,02-26-2024,CXI Support Catheter,CXI-2.3-14-150-0***02-26-2024,CXI-2.3-14-150-0
1,COOK Medical,0100827002183735172404291013927745,2.3Fr-0.014-150,04-29-2024,CXI Support Catheter,CXI-2.3-14-150-0***04-29-2024,CXI-2.3-14-150-0
1,COOK Medical,0100827002525429172501201014486200,4.0Fr-0.035-135,01-20-2025,CXI Support Catheter,CXI-4.0-35-135-P-NS-0***01-20-2025,CXI-4.0-35-135-P-NS-0
1,COOK Medical,0100827002525429172503171014604808,4.0Fr-0.035-135,03-17-2025,CXI Support Catheter,CXI-4.0-35-135-P-NS-0***03-17-2025,CXI-4.0-35-135-P-NS-0
1,COOK Medical,0100827002305069172406251014028678,0.035-260,06-25-2024,Roadrunner UniGlide Hydrophilic Wire Guide (Stiff Shaft),HPWAS-35-260***06-25-2024,HPWAS-35-260
10,COOK Medical,0100827002305069172505021014594432,0.035-260,05-02-2025,Roadrunner UniGlide Hydrophilic Wire Guide (Stiff Shaft),HPWAS-35-260***05-02-2025,HPWAS-35-260
8,COOK Medical,0100827002304925172501111014453919,0.035-260,01-11-2025,Roadrunner UniGlide Hydrophilic Wire Guide (Standard Shaft),HPWA-35-260***01-11-2025,HPWA-35-260
9,COOK Medical,0100827002561748172603101015269434,0.035-180,03-10-2026,Roadrunner UniGlide Hydrophilic Wire Guide (Standard Shaft),HPWA-35-180***03-10-2026,HPWA-35-180
1,COOK Medical,(used),0.018-260,04-12-2025,Roadrunner UniGlide Hydrophilic Wire Guide (Standard Shaft),HPWA-18-260***04-12-2025,HPWA-18-260
1,COOK Medical,0100827002362918172412051071002490,0.035-150-3,12-05-2024,HiWire Hydrophilic Wire Guide (Straight Stiff Shaft),HWS-35-150***12-05-2024,HWS-35-150
1,COOK Medical,0100827002507937172404231013808532,0.014-300-25G,04-23-2024,Approach CTO-25 Micro Wire Guide,CMW-14-300-25G***04-23-2024,CMW-14-300-25G
1,COOK Medical,0100827002507913172411131013673346,0.014-300-12G,11-13-2024,Approach CTO-12 Micro Wire Guide,CMW-14-300-12G***11-13-2024,CMW-14-300-12G
9,COOK Medical,0100827002060029172502101014529884,9Fr,02-10-2025,CheckFlo Homeostasis Assembly,CFM-100***02-10-2025,CFM-100
8,COOK Medical,0100827002002197172703151014600656,-,03-15-2027,Plastic 3-Way Stopcock,PTWS-2FLL-MLL-R***03-15-2027,PTWS-2FLL-MLL-R
10,COOK Medical,0100827002062993172802131015221370,".118 , 300 PSI",02-13-2028,Tuohy-Borst Side-Arm Adapter,PTBYC-RA***02-13-2028,PTBYC-RA
10,COOK Medical,0100827002138117172703011014568453,-,03-01-2027,"Olcott Torque Device (Accepts 0.014"" - 0.045"" Diameter Wire Guide)",OTD-100***03-01-2027,OTD-100
7,COULMED,100850003355276,36-80,12-31-2026,Half-Bag C-Arm Cover (COVEX),DI-5514***12-31-2026,DI-5514
23,Medtronic,0110193489783872172501311022IMH317,-,01-31-2025,Superficial Venous Procedure Pack,CFP***01-31-2025,CFP
3,Medtronic,0110193489783872172510311022JMG447,-,10-31-2025,Superficial Venous Procedure Pack,CFP***10-31-2025,CFP
5,Medtronic,01006431698629441724103110223180202,"7Fr, 3-60",10-31-2024,ClosureFast Endovenous Radiofrequency Ablation (RFA) Catheter,CF7-3-60***10-31-2024,CF7-3-60
10,Medtronic,01006431698629681724103110223180194,"7Fr, 7-60",10-31-2024,ClosureFast Endovenous Radiofrequency Ablation (RFA) Catheter,CF7-7-60***10-31-2024,CF7-7-60
10,Medtronic,01006431698629821724103110223060006,"7Fr, 7-100",10-31-2024,ClosureFast Endovenous Radiofrequency Ablation (RFA) Catheter,CF7-7-100***10-31-2024,CF7-7-100
15,COVIDIEN,"0110884521140295172711161011449663
0110884521140295172711161011449664",7Fr-7,11-16-2027,ClosureFast Micro Introducer Sheath Set,MIS-7F07***11-16-2027,MIS-7F07
10,COVIDIEN,0110884521140295172711231011451895,7Fr-7,11-23-2027,ClosureFast Micro Introducer Sheath Set,MIS-7F07***11-23-2027,MIS-7F07
1,COVIDIEN,0110884521140295172802071011462661,7Fr-7,02-27-2028,ClosureFast Micro Introducer Sheath Set,MIS-7F07***02-07-2028,MIS-7F07
1,Medtronic,0100763000240776172412311070474,-,12-31-2024,VenaSeal Closure System,VS-404***12-31-2024,VS-404